Nombre,Salario Promedio,Salarios,2023/24,2024/25,2025/26,2026/27,2027/28
Stephen Curry,35892277.166666664,"$48,070,014.00","$51,915,615.00","$55,761,217.00","$59,606,817.00",$0.00,$0.00
John Wall,7890960.0,"$47,345,760.00",$0.00,$0.00,$0.00,$0.00,$0.00
Russell Westbrook,7846696.5,"$47,080,179.00",$0.00,$0.00,$0.00,$0.00,$0.00
LeBron James,23601393.5,"$44,474,988.00","$46,698,737.00","$50,434,636.00",$0.00,$0.00,$0.00
Kevin Durant,32942817.666666668,"$44,119,845.00","$47,649,433.00","$51,179,020.00","$54,708,608.00",$0.00,$0.00
Bradley Beal,41836608.333333336,"$43,279,250.00","$46,741,590.00","$50,203,930.00","$53,666,270.00","$57,128,610.00",$0.00
Paul George,22820042.0,"$42,492,492.00","$45,640,084.00","$48,787,676.00",$0.00,$0.00,$0.00
Kawhi Leonard,22820042.0,"$42,492,492.00","$45,640,084.00","$48,787,676.00",$0.00,$0.00,$0.00
Giannis Antetokounmpo,31475920.0,"$42,492,492.00","$45,640,084.00","$48,787,676.00","$51,935,268.00",$0.00,$0.00
Damian Lillard,43115715.166666664,"$42,492,492.00","$45,640,084.00","$48,787,676.00","$58,545,211.00","$63,228,828.00",$0.00
Klay Thompson,13969920.0,"$40,600,080.00","$43,219,440.00",$0.00,$0.00,$0.00,$0.00
Kyrie Irving,6486176.166666667,"$38,917,057.00",$0.00,$0.00,$0.00,$0.00,$0.00
Rudy Gobert,28275862.166666668,"$38,172,414.00","$41,000,000.00","$43,827,586.00","$46,655,173.00",$0.00,$0.00
Khris Middleton,13063471.333333334,"$37,984,276.00","$40,396,552.00",$0.00,$0.00,$0.00,$0.00
Anthony Davis,20300040.0,"$37,980,720.00","$40,600,080.00","$43,219,440.00",$0.00,$0.00,$0.00
Jimmy Butler,30674888.5,"$37,653,300.00","$45,183,960.00","$48,798,677.00","$52,413,394.00",$0.00,$0.00
Tobias Harris,12817200.0,"$37,633,050.00","$39,270,150.00",$0.00,$0.00,$0.00,$0.00
Kemba Walker,6213543.5,"$37,281,261.00",$0.00,$0.00,$0.00,$0.00,$0.00
Trae Young,35859950.0,"$37,096,500.00","$40,064,220.00","$43,031,940.00","$45,999,660.00","$48,967,380.00",$0.00
Zach LaVine,35859950.0,"$37,096,500.00","$40,064,220.00","$43,031,940.00","$45,999,660.00","$48,967,380.00",$0.00
Luka Doncic,35859950.0,"$37,096,500.00","$40,064,220.00","$43,031,940.00","$45,999,660.00","$48,967,380.00",$0.00
Ben Simmons,18946704.0,"$35,448,672.00","$37,893,408.00","$40,338,144.00",$0.00,$0.00,$0.00
Pascal Siakam,12223680.0,"$35,448,672.00","$37,893,408.00",$0.00,$0.00,$0.00,$0.00
Myles Turner,12666666.666666666,"$35,096,500.00","$20,975,000.00","$19,928,500.00",$0.00,$0.00,$0.00
Karl-Anthony Towns,49012266.666666664,"$33,833,400.00","$36,016,200.00","$50,050,000.00","$54,054,000.00","$58,058,000.00","$62,062,000.00"
Devin Booker,49012266.666666664,"$33,833,400.00","$36,016,200.00","$50,050,000.00","$54,054,000.00","$58,058,000.00","$62,062,000.00"
Kristaps Porzingis,11641600.0,"$33,833,400.00","$36,016,200.00",$0.00,$0.00,$0.00,$0.00
Jrue Holiday,18079373.5,"$33,665,040.00","$36,158,747.00","$38,652,454.00",$0.00,$0.00,$0.00
Joel Embiid,40621461.666666664,"$33,616,770.00","$46,900,000.00","$50,652,000.00","$54,404,000.00","$58,156,000.00",$0.00
Andrew Wiggins,23769462.0,"$33,616,770.00","$24,330,357.00","$26,276,786.00","$28,223,215.00","$30,169,644.00",$0.00
CJ McCollum,22189300.166666668,"$33,333,333.00","$35,802,469.00","$33,333,333.00","$30,666,666.00",$0.00,$0.00
Nikola Jokic,50506300.5,"$33,047,803.00","$46,550,000.00","$50,274,000.00","$53,998,000.00","$57,722,000.00","$61,446,000.00"
James Harden,11440000.0,"$33,000,000.00","$35,640,000.00",$0.00,$0.00,$0.00,$0.00
Jamal Murray,16916700.0,"$31,650,600.00","$33,833,400.00","$36,016,200.00",$0.00,$0.00,$0.00
Brandon Ingram,16916700.0,"$31,650,600.00","$33,833,400.00","$36,016,200.00",$0.00,$0.00,$0.00
D'Angelo Russell,5229625.0,"$31,377,750.00",$0.00,$0.00,$0.00,$0.00,$0.00
Michael Porter,29883291.666666668,"$30,913,750.00","$33,386,850.00","$35,859,950.00","$38,333,050.00","$40,806,150.00",$0.00
Shai Gilgeous-Alexander,29883291.666666668,"$30,913,750.00","$33,386,850.00","$35,859,950.00","$38,333,050.00","$40,806,150.00",$0.00
Donovan Mitchell,22763785.0,"$30,913,750.00","$33,162,030.00","$35,410,310.00","$37,096,620.00",$0.00,$0.00
Deandre Ayton,22154854.666666668,"$30,913,750.00","$32,459,438.00","$34,005,126.00","$35,550,814.00",$0.00,$0.00
Kevin Love,5092828.0,"$30,556,968.00",$0.00,$0.00,$0.00,$0.00,$0.00
Jayson Tatum,22482800.0,"$30,351,780.00","$32,600,060.00","$34,848,340.00","$37,096,620.00",$0.00,$0.00
Bam Adebayo,22482800.0,"$30,351,780.00","$32,600,060.00","$34,848,340.00","$37,096,620.00",$0.00,$0.00
De'Aaron Fox,22482800.0,"$30,351,780.00","$32,600,060.00","$34,848,340.00","$37,096,620.00",$0.00,$0.00
Gordon Hayward,10262500.0,"$30,075,000.00","$31,500,000.00",$0.00,$0.00,$0.00,$0.00
Jaren Jackson Jr,17453333.333333332,"$28,946,605.00","$27,102,202.00","$25,257,798.00","$23,413,395.00",$0.00,$0.00
Jaylen Brown,9910714.166666666,"$28,741,071.00","$30,723,214.00",$0.00,$0.00,$0.00,$0.00
Chris Paul,15000000.0,"$28,400,000.00","$30,800,000.00","$30,800,000.00",$0.00,$0.00,$0.00
Kyle Lowry,9669312.333333334,"$28,333,334.00","$29,682,540.00",$0.00,$0.00,$0.00,$0.00
Jalen Brunson,17333333.333333332,"$27,733,332.00","$26,346,666.00","$24,960,001.00","$24,960,001.00",$0.00,$0.00
DeMar DeRozan,9316666.666666666,"$27,300,000.00","$28,600,000.00",$0.00,$0.00,$0.00,$0.00
Al Horford,7666666.666666667,"$26,500,000.00","$10,000,000.00","$9,500,000.00",$0.00,$0.00,$0.00
Draymond Green,8898782.0,"$25,806,468.00","$27,586,224.00",$0.00,$0.00,$0.00,$0.00
Julius Randle,17740800.0,"$23,760,000.00","$25,660,800.00","$27,561,600.00","$29,462,400.00",$0.00,$0.00
John Collins,17000000.0,"$23,500,000.00","$25,340,000.00","$26,580,000.00","$26,580,000.00",$0.00,$0.00
Mike Conley,7840000.0,"$22,680,000.00","$24,360,000.00",$0.00,$0.00,$0.00,$0.00
Malcolm Brogdon,11266666.666666666,"$22,600,000.00","$22,500,000.00","$22,500,000.00",$0.00,$0.00,$0.00
Anfernee Simons,16666666.666666666,"$22,321,429.00","$24,107,143.00","$25,892,857.00","$27,678,571.00",$0.00,$0.00
Nikola Vucevic,3666666.6666666665,"$22,000,000.00",$0.00,$0.00,$0.00,$0.00,$0.00
Terry Rozier,11602610.544405,"$21,486,316.00","$23,205,221.00","$24,924,126.00",$0.27,$0.00,$0.00
Fred VanVleet,7345679.0,"$21,250,000.00","$22,824,074.00",$0.00,$0.00,$0.00,$0.00
Buddy Hield,6742931.833333333,"$21,177,750.00","$19,279,841.00",$0.00,$0.00,$0.00,$0.00
Jerami Grant,3492500.0,"$20,955,000.00",$0.00,$0.00,$0.00,$0.00,$0.00
Mikal Bridges,15000000.0,"$20,100,000.00","$21,700,000.00","$23,300,000.00","$24,900,000.00",$0.00,$0.00
Jarrett Allen,13333333.333333334,"$20,000,000.00","$20,000,000.00","$20,000,000.00","$20,000,000.00",$0.00,$0.00
Nicolas Batum,5235189.5,"$19,700,319.00","$11,710,818.00",$0.00,$0.00,$0.00,$0.00
Aaron Gordon,14440000.166666666,"$19,690,909.00","$21,266,182.00","$22,841,455.00","$22,841,455.00",$0.00,$0.00
Tim Hardaway Jr,8948864.0,"$19,602,273.00","$17,897,728.00","$16,193,183.00",$0.00,$0.00,$0.00
Eric Gordon,3261393.3681949996,"$19,568,360.00",$0.21,$0.00,$0.00,$0.00,$0.00
Bojan Bogdanovic,9763808.333333334,"$19,550,000.00","$20,000,000.00","$19,032,850.00",$0.00,$0.00,$0.00
Lonzo Ball,10232558.166666666,"$19,534,884.00","$20,465,117.00","$21,395,348.00",$0.00,$0.00,$0.00
Spencer Dinwiddie,6642857.166666667,"$19,500,000.00","$20,357,143.00",$0.00,$0.00,$0.00,$0.00
Danilo Gallinari,4380325.0,"$19,479,000.00","$6,802,950.00",$0.00,$0.00,$0.00,$0.00
Caris LeVert,3132716.0,"$18,796,296.00",$0.00,$0.00,$0.00,$0.00,$0.00
Clint Capela,10431362.666666666,"$18,706,896.00","$21,116,000.00","$22,765,280.00",$0.00,$0.00,$0.00
Joe Harris,6428571.333333333,"$18,642,857.00","$19,928,571.00",$0.00,$0.00,$0.00,$0.00
Domantas Sabonis,6316666.666666667,"$18,500,000.00","$19,400,000.00",$0.00,$0.00,$0.00,$0.00
Harrison Barnes,3058712.1666666665,"$18,352,273.00",$0.00,$0.00,$0.00,$0.00,$0.00
Evan Fournier,6142857.198333333,"$18,000,000.00","$18,857,143.00",$0.19,$0.00,$0.00,$0.00
Bogdan Bogdanovic,11663333.360033333,"$18,000,000.00","$18,700,000.00","$17,260,000.00","$16,020,000.00",$0.16,$0.00
Steven Adams,7187804.833333333,"$17,926,829.00","$12,600,000.00","$12,600,000.00",$0.00,$0.00,$0.00
Gary Trent Jr,6048333.333333333,"$17,505,000.00","$18,785,000.00",$0.00,$0.00,$0.00,$0.00
Jonathan Isaac,8700000.0,"$17,400,000.00","$17,400,000.00","$17,400,000.00",$0.00,$0.00,$0.00
OG Anunoby,9321428.5,"$17,357,143.00","$18,642,857.00","$19,928,571.00",$0.00,$0.00,$0.00
Marcus Smart,12847999.333333334,"$17,207,142.00","$18,583,713.00","$19,960,285.00","$21,336,856.00",$0.00,$0.00
Mitchell Robinson,10000000.0,"$17,045,454.00","$15,681,818.00","$14,318,182.00","$12,954,546.00",$0.00,$0.00
Duncan Robinson,12391666.666666666,"$16,902,000.00","$18,154,000.00","$19,406,000.00","$19,888,000.00",$0.00,$0.00
Derrick White,9053571.5,"$16,892,857.00","$18,107,143.00","$19,321,429.00",$0.00,$0.00,$0.00
Norman Powell,12413793.0,"$16,758,621.00","$18,000,000.00","$19,241,379.00","$20,482,758.00",$0.00,$0.00
Dejounte Murray,5714186.666666667,"$16,571,120.00","$17,714,000.00",$0.00,$0.00,$0.00,$0.00
Collin Sexton,11825000.0,"$16,500,000.00","$17,325,000.00","$18,150,000.00","$18,975,000.00",$0.00,$0.00
Markelle Fultz,5583333.333333333,"$16,500,000.00","$17,000,000.00",$0.00,$0.00,$0.00,$0.00
Lauri Markkanen,8629999.5,"$16,475,454.00","$17,259,999.00","$18,044,544.00",$0.00,$0.00,$0.00
Marcus Morris,5581395.333333333,"$16,372,093.00","$17,116,279.00",$0.00,$0.00,$0.00,$0.00
Davis Bertans,8166666.666666667,"$16,000,000.00","$17,000,000.00","$16,000,000.00",$0.00,$0.00,$0.00
Jusuf Nurkic,11666666.666666666,"$15,625,000.00","$16,875,000.00","$18,125,000.00","$19,375,000.00",$0.00,$0.00
Malik Beasley,2593005.860873333,"$15,558,035.00",$0.17,$0.00,$0.00,$0.00,$0.00
Luguentz Dort,10796296.36287,"$15,277,778.00","$15,277,778.00","$16,500,000.00","$17,722,222.00",$0.18,$0.00
Will Barton,2509952.0,"$15,059,712.00",$0.00,$0.00,$0.00,$0.00,$0.00
Tyus Jones,4833333.333333333,"$15,000,000.00","$14,000,000.00",$0.00,$0.00,$0.00,$0.00
Jonas Valanciunas,5022500.0,"$14,700,000.00","$15,435,000.00",$0.00,$0.00,$0.00,$0.00
Derrick Rose,2420121.6926599997,"$14,520,730.00",$0.16,$0.00,$0.00,$0.00,$0.00
Kevin Huerter,10833333.333333334,"$14,508,929.00","$15,669,643.00","$16,830,357.00","$17,991,071.00",$0.00,$0.00
Christian Wood,2386243.1666666665,"$14,317,459.00",$0.00,$0.00,$0.00,$0.00,$0.00
Wendell Carter,8333333.333333333,"$14,150,000.00","$13,050,000.00","$11,950,000.00","$10,850,000.00",$0.00,$0.00
Kentavious Caldwell-Pope,7358304.333333333,"$14,004,703.00","$14,704,938.00","$15,440,185.00",$0.00,$0.00,$0.00
Brook Lopez,2317829.3333333335,"$13,906,976.00",$0.00,$0.00,$0.00,$0.00,$0.00
Patrick Beverley,2300269.0,"$13,801,614.00",$0.00,$0.00,$0.00,$0.00,$0.00
Doug McDermott,4583333.333333333,"$13,750,000.00","$13,750,000.00",$0.00,$0.00,$0.00,$0.00
Luke Kennard,4751515.191271666,"$13,745,455.00","$14,763,636.00",$0.15,$0.00,$0.00,$0.00
Zion Williamson,34639136.166666664,"$13,534,817.00","$33,500,000.00","$36,180,000.00","$38,860,000.00","$41,540,000.00","$44,220,000.00"
Jordan Clarkson,4600000.0,"$13,340,000.00","$14,260,000.00",$0.00,$0.00,$0.00,$0.00
Gary Harris,4333333.333333333,"$13,000,000.00","$13,000,000.00",$0.00,$0.00,$0.00,$0.00
Kyle Kuzma,4333333.333333333,"$13,000,000.00","$13,000,000.00",$0.00,$0.00,$0.00,$0.00
Josh Hart,4320000.0,"$12,960,000.00","$12,960,000.00",$0.00,$0.00,$0.00,$0.00
Dorian Finney-Smith,9529083.833333334,"$12,939,848.00","$13,932,008.00","$14,924,167.00","$15,378,480.00",$0.00,$0.00
Kelly Olynyk,4166666.6666666665,"$12,804,878.00","$12,195,122.00",$0.00,$0.00,$0.00,$0.00
Chris Boucher,5875000.0,"$12,690,000.00","$11,750,000.00","$10,810,000.00",$0.00,$0.00,$0.00
Kelly Oubre,2100000.0,"$12,600,000.00",$0.00,$0.00,$0.00,$0.00,$0.00
Marvin Bagley,6250000.0,"$12,500,000.00","$12,500,000.00","$12,500,000.00",$0.00,$0.00,$0.00
Robert Covington,4000000.0,"$12,307,692.00","$11,692,308.00",$0.00,$0.00,$0.00,$0.00
Josh Richardson,2032682.3333333333,"$12,196,094.00",$0.00,$0.00,$0.00,$0.00,$0.00
Ja Morant,34403240.0,"$12,119,440.00","$33,500,000.00","$36,180,000.00","$38,860,000.00","$41,540,000.00","$44,220,000.00"
Danny Green,1951754.6666666667,"$11,710,528.00",$0.00,$0.00,$0.00,$0.00,$0.00
Devonte Graham,6050000.0,"$11,550,000.00","$12,100,000.00","$12,650,000.00",$0.00,$0.00,$0.00
Terrence Ross,1916666.6666666667,"$11,500,000.00",$0.00,$0.00,$0.00,$0.00,$0.00
Reggie Jackson,1909536.1666666667,"$11,457,217.00",$0.00,$0.00,$0.00,$0.00,$0.00
Dillon Brooks,1900000.0,"$11,400,000.00",$0.00,$0.00,$0.00,$0.00,$0.00
Richaun Holmes,6023010.0,"$11,215,260.00","$12,046,020.00","$12,876,780.00",$0.00,$0.00,$0.00
Dwight Powell,1846687.5,"$11,080,125.00",$0.00,$0.00,$0.00,$0.00,$0.00
Paolo Banchero,3777200.079048333,"$11,055,120.00","$11,608,080.00",$0.12,$0.15,$0.20,$0.00
Robert Williams,8148810.0,"$10,937,502.00","$11,794,644.00","$12,651,786.00","$13,508,928.00",$0.00,$0.00
RJ Barrett,19650105.666666668,"$10,900,634.00","$23,883,929.00","$25,794,643.00","$27,705,357.00","$29,616,071.00",$0.00
Bobby Portis,8096368.0,"$10,843,350.00","$11,710,818.00","$12,578,286.00","$13,445,754.00",$0.00,$0.00
DeAndre Jordan,1788959.6666666667,"$10,733,758.00",$0.00,$0.00,$0.00,$0.00,$0.00
Anthony Edwards,4044702.862658333,"$10,733,400.00","$13,534,817.00",$0.18,$0.00,$0.00,$0.00
Cade Cunningham,3601360.053438334,"$10,552,800.00","$11,055,360.00",$0.14,$0.18,$0.00,$0.00
PJ Tucker,5507250.0,"$10,490,000.00","$11,014,500.00","$11,539,000.00",$0.00,$0.00,$0.00
Derrick Favors,1725133.8333333333,"$10,350,803.00",$0.00,$0.00,$0.00,$0.00,$0.00
Mo Bamba,3433333.3333333335,"$10,300,000.00","$10,300,000.00",$0.00,$0.00,$0.00,$0.00
Talen Horton-Tucker,3546666.6666666665,"$10,260,000.00","$11,020,000.00",$0.00,$0.00,$0.00,$0.00
Jae Crowder,1697300.0,"$10,183,800.00",$0.00,$0.00,$0.00,$0.00,$0.00
Ivica Zubac,5466666.666666667,"$10,123,457.00","$10,933,333.00","$11,743,210.00",$0.00,$0.00,$0.00
Reggie Bullock,3417066.6666666665,"$10,012,800.00","$10,489,600.00",$0.00,$0.00,$0.00,$0.00
Alec Burks,1668800.0174816668,"$10,012,800.00",$0.10,$0.00,$0.00,$0.00,$0.00
Chet Holmgren,3379540.070883333,"$9,891,240.00","$10,386,000.00",$0.11,$0.14,$0.18,$0.00
De'Andre Hunter,16639313.5,"$9,835,881.00","$20,089,286.00","$21,696,429.00","$23,303,571.00","$24,910,714.00",$0.00
Larry Nance Jr,5208787.833333333,"$9,672,727.00","$10,375,000.00","$11,205,000.00",$0.00,$0.00,$0.00
James Wiseman,1600560.0465566667,"$9,603,360.00",$0.12,$0.16,$0.00,$0.00,$0.00
Landry Shamet,7083333.333333333,"$9,500,000.00","$10,250,000.00","$11,000,000.00","$11,750,000.00",$0.00,$0.00
Malik Monk,3236341.5,"$9,472,219.00","$9,945,830.00",$0.00,$0.00,$0.00,$0.00
Jalen Green,3222220.0479550003,"$9,441,840.00","$9,891,480.00",$0.12,$0.16,$0.00,$0.00
Jakob Poeltl,1566358.0,"$9,398,148.00",$0.00,$0.00,$0.00,$0.00,$0.00
Nerlens Noel,1565178.1666666667,"$9,391,069.00",$0.00,$0.00,$0.00,$0.00,$0.00
Dario Saric,1540000.0,"$9,240,000.00",$0.00,$0.00,$0.00,$0.00,$0.00
Royce O'Neale,3116666.6666666665,"$9,200,000.00","$9,500,000.00",$0.00,$0.00,$0.00,$0.00
Monte Morris,3154321.0,"$9,125,000.00","$9,800,926.00",$0.00,$0.00,$0.00,$0.00
Mason Plumlee,1513402.8333333333,"$9,080,417.00",$0.00,$0.00,$0.00,$0.00,$0.00
Alex Caruso,4730000.0,"$9,030,000.00","$9,460,000.00","$9,890,000.00",$0.00,$0.00,$0.00
Maxi Kleber,7000000.0,"$9,000,000.00","$11,000,000.00","$11,000,000.00","$11,000,000.00",$0.00,$0.00
Darius Garland,33870132.333333336,"$8,920,794.00","$33,500,000.00","$36,180,000.00","$38,860,000.00","$41,540,000.00","$44,220,000.00"
Jabari Smith,3034860.063871667,"$8,882,640.00","$9,326,520.00",$0.10,$0.12,$0.16,$0.00
Kyle Anderson,3000000.0,"$8,780,488.00","$9,219,512.00",$0.00,$0.00,$0.00,$0.00
Victor Oladipo,3033333.3333333335,"$8,750,000.00","$9,450,000.00",$0.00,$0.00,$0.00,$0.00
Daniel Theis,2967125.8492033333,"$8,694,369.00","$9,108,386.00",$0.10,$0.00,$0.00,$0.00
LaMelo Ball,3254092.523835,"$8,623,920.00","$10,900,635.00",$0.14,$0.00,$0.00,$0.00
Nicolas Claxton,2875000.0,"$8,500,000.00","$8,750,000.00",$0.00,$0.00,$0.00,$0.00
Grayson Allen,2833333.3333333335,"$8,500,000.00","$8,500,000.00",$0.00,$0.00,$0.00,$0.00
Seth Curry,1416108.8333333333,"$8,496,653.00",$0.00,$0.00,$0.00,$0.00,$0.00
Evan Mobley,2893560.0432616672,"$8,478,720.00","$8,882,640.00",$0.11,$0.15,$0.00,$0.00
Gary Payton II,4357500.0,"$8,300,000.00","$8,715,000.00","$9,130,000.00",$0.00,$0.00,$0.00
Dewayne Dedmon,2296839.3333333335,"$8,283,688.00","$2,748,674.00","$2,748,674.00",$0.00,$0.00,$0.00
De'Anthony Melton,2708333.3333333335,"$8,250,000.00","$8,000,000.00",$0.00,$0.00,$0.00,$0.00
JaMychal Green,1366666.6666666667,"$8,200,000.00",$0.00,$0.00,$0.00,$0.00,$0.00
TJ McConnell,4350000.0,"$8,100,000.00","$8,700,000.00","$9,300,000.00",$0.00,$0.00,$0.00
Keegan Murray,2736240.0577533334,"$8,008,440.00","$8,409,000.00",$0.09,$0.11,$0.15,$0.00
Kevon Looney,4250000.0,"$8,000,000.00","$8,500,000.00","$9,000,000.00",$0.00,$0.00,$0.00
Thaddeus Young,2666666.6666666665,"$8,000,000.00","$8,000,000.00",$0.00,$0.00,$0.00,$0.00
Isaiah Hartenstein,2666666.6666666665,"$7,804,879.00","$8,195,121.00",$0.00,$0.00,$0.00,$0.00
Delon Wright,2666666.6666666665,"$7,804,878.00","$8,195,122.00",$0.00,$0.00,$0.00,$0.00
Patrick Williams,2935213.521621667,"$7,775,400.00","$9,835,881.00",$0.13,$0.00,$0.00,$0.00
Scottie Barnes,2608880.0391533333,"$7,644,600.00","$8,008,680.00",$0.10,$0.13,$0.00,$0.00
Cedi Osman,2357488.3333333335,"$7,426,088.00","$6,718,842.00",$0.00,$0.00,$0.00,$0.00
Coby White,1235659.1832366667,"$7,413,955.00",$0.10,$0.00,$0.00,$0.00,$0.00
Zach Collins,1225000.0128333333,"$7,350,000.00",$0.08,$0.00,$0.00,$0.00,$0.00
Taurean Prince,2490833.3333333335,"$7,295,000.00","$7,650,000.00",$0.00,$0.00,$0.00,$0.00
Jaden Ivey,2477780.052476667,"$7,252,200.00","$7,614,480.00",$0.08,$0.10,$0.13,$0.00
Jae'Sean Tate,2260869.511775,"$7,065,217.00","$6,500,000.00",$0.07,$0.00,$0.00,$0.00
Isaac Okoro,2660279.0197133333,"$7,040,880.00","$8,920,794.00",$0.12,$0.00,$0.00,$0.00
Cody Martin,5226666.666666667,"$7,000,000.00","$7,560,000.00","$8,120,000.00","$8,680,000.00",$0.00,$0.00
Jalen Suggs,2362400.035618333,"$6,922,320.00","$7,252,080.00",$0.09,$0.12,$0.00,$0.00
Jaxson Hayes,1133835.3486166666,"$6,803,012.00",$0.09,$0.00,$0.00,$0.00,$0.00
Khem Birch,2275416.6666666665,"$6,667,500.00","$6,985,000.00",$0.00,$0.00,$0.00,$0.00
Bennedict Mathurin,2250480.0478133336,"$6,586,800.00","$6,916,080.00",$0.07,$0.09,$0.12,$0.00
Patrick Mills,2213658.3333333335,"$6,479,000.00","$6,802,950.00",$0.00,$0.00,$0.00,$0.00
Bruce Brown,2213658.3333333335,"$6,479,000.00","$6,802,950.00",$0.00,$0.00,$0.00,$0.00
Caleb Martin,3401475.0,"$6,479,000.00","$6,802,950.00","$7,126,900.00",$0.00,$0.00,$0.00
Lonnie Walker,1079833.3333333333,"$6,479,000.00",$0.00,$0.00,$0.00,$0.00,$0.00
Joe Ingles,1079833.3333333333,"$6,479,000.00",$0.00,$0.00,$0.00,$0.00,$0.00
Onyeka Okongwu,2417370.5180283333,"$6,395,160.00","$8,109,063.00",$0.11,$0.00,$0.00,$0.00
Josh Giddey,2145740.03249,"$6,287,400.00","$6,587,040.00",$0.08,$0.11,$0.00,$0.00
Rui Hachimura,1043864.6808099999,"$6,263,188.00",$0.08,$0.00,$0.00,$0.00,$0.00
Rudy Gay,2110583.3333333335,"$6,184,500.00","$6,479,000.00",$0.00,$0.00,$0.00,$0.00
Jevon Carter,1377490.5,"$6,025,000.00","$2,239,943.00",$0.00,$0.00,$0.00,$0.00
Shaedon Sharpe,2054460.043795,"$6,012,960.00","$6,313,800.00",$0.07,$0.08,$0.11,$0.00
Cameron Payne,2083333.3333333333,"$6,000,000.00","$6,500,000.00",$0.00,$0.00,$0.00,$0.00
Otto Porter,2050000.0,"$6,000,000.00","$6,300,000.00",$0.00,$0.00,$0.00,$0.00
Justin Holiday,997995.8333333334,"$5,987,975.00",$0.00,$0.00,$0.00,$0.00,$0.00
Cam Reddish,992409.0135150001,"$5,954,454.00",$0.08,$0.00,$0.00,$0.00,$0.00
Cameron Johnson,981316.5134333334,"$5,887,899.00",$0.08,$0.00,$0.00,$0.00,$0.00
Ricky Rubio,3073171.0,"$5,853,659.00","$6,146,342.00","$6,439,025.00",$0.00,$0.00,$0.00
Killian Hayes,2208619.1832366665,"$5,837,760.00","$7,413,955.00",$0.10,$0.00,$0.00,$0.00
PJ Washington,968072.51332,"$5,808,435.00",$0.08,$0.00,$0.00,$0.00,$0.00
Jonathan Kuminga,956640.0398133333,"$5,739,840.00",$0.06,$0.08,$0.10,$0.00,$0.00
Pat Connaughton,5666666.666666667,"$5,728,393.00","$9,423,869.00","$9,423,869.00","$9,423,869.00",$0.00,$0.00
Tyler Herro,20953686.0,"$5,722,116.00","$27,000,000.00","$29,000,000.00","$31,000,000.00","$33,000,000.00",$0.00
Romeo Langford,939042.846395,"$5,634,257.00",$0.08,$0.00,$0.00,$0.00,$0.00
Dyson Daniels,1882120.0402583333,"$5,508,600.00","$5,784,120.00",$0.06,$0.08,$0.10,$0.00
JaVale McGee,2867140.0,"$5,461,219.00","$5,734,280.00","$6,007,341.00",$0.00,$0.00,$0.00
Goga Bitadze,1240684.1666666667,"$5,377,520.00","$2,066,585.00",$0.00,$0.00,$0.00,$0.00
Obi Toppin,2025215.3486166669,"$5,348,280.00","$6,803,012.00",$0.09,$0.00,$0.00,$0.00
Franz Wagner,1794500.0274200002,"$5,258,280.00","$5,508,720.00",$0.07,$0.09,$0.00,$0.00
Kendrick Nunn,875000.0,"$5,250,000.00",$0.00,$0.00,$0.00,$0.00,$0.00
Hamidou Diallo,866666.6666666666,"$5,200,000.00",$0.00,$0.00,$0.00,$0.00,$0.00
Cory Joseph,859250.0,"$5,155,500.00",$0.00,$0.00,$0.00,$0.00,$0.00
Garrett Temple,859250.0090016667,"$5,155,500.00",$0.05,$0.00,$0.00,$0.00,$0.00
Torrey Craig,853658.5,"$5,121,951.00",$0.00,$0.00,$0.00,$0.00,$0.00
Jeremy Sochan,1730080.037135,"$5,063,520.00","$5,316,960.00",$0.06,$0.07,$0.10,$0.00
David Nwaba,837000.00899,"$5,022,000.00",$0.05,$0.00,$0.00,$0.00,$0.00
Nickeil Alexander-Walker,834938.8451216667,"$5,009,633.00",$0.07,$0.00,$0.00,$0.00,$0.00
Furkan Korkmaz,1728395.0,"$5,000,000.00","$5,370,370.00",$0.00,$0.00,$0.00,$0.00
Deni Avdija,1863224.68081,"$4,916,160.00","$6,263,188.00",$0.08,$0.00,$0.00,$0.00
Davion Mitchell,1649540.02532,"$4,833,600.00","$5,063,640.00",$0.06,$0.09,$0.00,$0.00
Johnny Davis,1643520.035375,"$4,810,320.00","$5,050,800.00",$0.05,$0.07,$0.09,$0.00
Ty Jerome,788158.0029350001,"$4,728,948.00",$0.02,$0.00,$0.00,$0.00,$0.00
Ishmael Smith,787500.0,"$4,725,000.00",$0.00,$0.00,$0.00,$0.00,$0.00
Jalen Smith,2521886.5,"$4,670,160.00","$5,043,773.00","$5,417,386.00",$0.00,$0.00,$0.00
Ziaire Williams,1566980.0241433333,"$4,591,680.00","$4,810,200.00",$0.06,$0.08,$0.00,$0.00
Ousmane Dieng,1561380.0347150003,"$4,569,840.00","$4,798,440.00",$0.05,$0.07,$0.09,$0.00
Moe Harkless,760830.0,"$4,564,980.00",$0.00,$0.00,$0.00,$0.00,$0.00
Donte DiVincenzo,1537500.0,"$4,500,000.00","$4,725,000.00",$0.00,$0.00,$0.00,$0.00
Jeff Green,750000.0,"$4,500,000.00",$0.00,$0.00,$0.00,$0.00,$0.00
Devin Vassell,1720816.5134333335,"$4,437,000.00","$5,887,899.00",$0.08,$0.00,$0.00,$0.00
Matisse Thybulle,729921.0104583333,"$4,379,526.00",$0.06,$0.00,$0.00,$0.00,$0.00
Jarred Vanderbilt,1512000.0,"$4,374,000.00","$4,698,000.00",$0.00,$0.00,$0.00,$0.00
James Bouknight,1488720.0239433332,"$4,362,240.00","$4,570,080.00",$0.06,$0.08,$0.00,$0.00
Brandon Clarke,9057319.833333334,"$4,343,919.00","$12,500,000.00","$12,500,000.00","$12,500,000.00","$12,500,000.00",$0.00
Jalen Williams,1483360.0340166667,"$4,341,480.00","$4,558,680.00",$0.05,$0.07,$0.09,$0.00
Grant Williams,717713.5103916667,"$4,306,281.00",$0.06,$0.00,$0.00,$0.00,$0.00
Darius Bazley,710771.343675,"$4,264,628.00",$0.06,$0.00,$0.00,$0.00,$0.00
Tyrese Haliburton,1670592.51332,"$4,215,120.00","$5,808,435.00",$0.08,$0.00,$0.00,$0.00
Nassir Little,5361924.666666667,"$4,171,548.00","$6,250,000.00","$6,750,000.00","$7,250,000.00","$7,750,000.00",$0.00
Josh Primo,1414320.0,"$4,144,320.00","$4,341,600.00",$0.00,$0.00,$0.00,$0.00
Jalen Duren,1409160.0333083335,"$4,124,280.00","$4,330,680.00",$0.05,$0.06,$0.09,$0.00
Gorgui Dieng,684206.0,"$4,105,236.00",$0.00,$0.00,$0.00,$0.00,$0.00
Danuel House,1402541.6666666667,"$4,105,000.00","$4,310,250.00",$0.00,$0.00,$0.00,$0.00
Boban Marjanovic,683579.6666666666,"$4,101,478.00",$0.00,$0.00,$0.00,$0.00,$0.00
Justise Winslow,682926.8333333334,"$4,097,561.00",$0.00,$0.00,$0.00,$0.00,$0.00
Dylan Windler,672879.5099316667,"$4,037,277.00",$0.06,$0.00,$0.00,$0.00,$0.00
Stanley Johnson,670360.6666666666,"$4,022,164.00",$0.00,$0.00,$0.00,$0.00,$0.00
Kira Lewis,1621066.0131883333,"$4,004,280.00","$5,722,116.00",$0.08,$0.00,$0.00,$0.00
George Hill,666666.6666666666,"$4,000,000.00",$0.00,$0.00,$0.00,$0.00,$0.00
Terence Davis,666666.6666666666,"$4,000,000.00",$0.00,$0.00,$0.00,$0.00,$0.00
Chris Duarte,1343560.0234066667,"$3,936,960.00","$4,124,400.00",$0.06,$0.08,$0.00,$0.00
Alex Len,653100.0,"$3,918,600.00",$0.00,$0.00,$0.00,$0.00,$0.00
Ochai Agbaji,1338760.0326200002,"$3,918,360.00","$4,114,200.00",$0.04,$0.06,$0.09,$0.00
Jordan Poole,21983566.5,"$3,901,399.00","$28,705,357.00","$30,901,786.00","$33,098,215.00","$35,294,642.00",$0.00
Keldon Johnson,12978837.333333334,"$3,873,024.00","$20,000,000.00","$19,000,000.00","$17,500,000.00","$17,500,000.00",$0.00
Sviatoslav Mykhailiuk,641149.1666666666,"$3,846,895.00",$0.00,$0.00,$0.00,$0.00,$0.00
James Johnson,640177.8333333334,"$3,841,067.00",$0.00,$0.00,$0.00,$0.00,$0.00
Aaron Nesmith,1573102.846395,"$3,804,360.00","$5,634,257.00",$0.08,$0.00,$0.00,$0.00
Moses Moody,623360.029655,"$3,740,160.00",$0.04,$0.06,$0.08,$0.00,$0.00
Mark Williams,1271700.0319066667,"$3,722,040.00","$3,908,160.00",$0.04,$0.06,$0.09,$0.00
Cole Anthony,1525575.1795733331,"$3,613,680.00","$5,539,771.00",$0.08,$0.00,$0.00,$0.00
Corey Kispert,1212480.0228016668,"$3,552,840.00","$3,722,040.00",$0.06,$0.08,$0.00,$0.00
AJ Griffin,1208180.0303983334,"$3,536,160.00","$3,712,920.00",$0.04,$0.06,$0.08,$0.00
Goran Dragic,587293.6666666666,"$3,523,762.00",$0.00,$0.00,$0.00,$0.00,$0.00
Mike Muscala,583333.3391666667,"$3,500,000.00",$0.04,$0.00,$0.00,$0.00,$0.00
Georges Niang,577500.0,"$3,465,000.00",$0.00,$0.00,$0.00,$0.00,$0.00
Isaiah Stewart,1450005.5123316667,"$3,433,320.00","$5,266,713.00",$0.07,$0.00,$0.00,$0.00
Chuma Okeke,1450005.3456650001,"$3,433,320.00","$5,266,712.00",$0.07,$0.00,$0.00,$0.00
Trey Burke,570625.0,"$3,423,750.00",$0.00,$0.00,$0.00,$0.00,$0.00
Amir Coffey,1833333.3333333333,"$3,395,062.00","$3,666,667.00","$3,938,271.00",$0.00,$0.00,$0.00
Alperen Sengun,1151940.0217416666,"$3,375,360.00","$3,536,280.00",$0.05,$0.08,$0.00,$0.00
Tari Eason,1147720.0289733333,"$3,359,160.00","$3,527,160.00",$0.04,$0.06,$0.08,$0.00
Aleksej Pokusevski,1378518.8451216666,"$3,261,480.00","$5,009,633.00",$0.07,$0.00,$0.00,$0.00
Kevin Porter,9655771.863731666,"$3,217,631.00","$18,239,000.00","$18,239,000.00","$18,239,000.00",$0.18,$0.00
Trey Murphy,1094300.02074,"$3,206,520.00","$3,359,280.00",$0.05,$0.07,$0.00,$0.00
Simone Fontecchio,1041666.6666666666,"$3,205,128.00","$3,044,872.00",$0.00,$0.00,$0.00,$0.00
Andre Drummond,1093333.3333333333,"$3,200,000.00","$3,360,000.00",$0.00,$0.00,$0.00,$0.00
Derrick Jones,1093333.3333333333,"$3,200,000.00","$3,360,000.00",$0.00,$0.00,$0.00,$0.00
Dalen Terry,1090360.0276166666,"$3,191,400.00","$3,350,760.00",$0.04,$0.05,$0.08,$0.00
Sterling Brown,520433.6666666667,"$3,122,602.00",$0.00,$0.00,$0.00,$0.00,$0.00
Josh Green,1310623.1779366666,"$3,098,400.00","$4,765,339.00",$0.07,$0.00,$0.00,$0.00
Jake LaRavia,1041260.0264616666,"$3,047,640.00","$3,199,920.00",$0.03,$0.05,$0.07,$0.00
Tre Mann,1039600.0197866667,"$3,046,200.00","$3,191,400.00",$0.05,$0.07,$0.00,$0.00
Jordan Nwora,1033333.3333333334,"$3,000,000.00","$3,200,000.00",$0.00,$0.00,$0.00,$0.00
Kevin Knox,500000.00499999995,"$3,000,000.00",$0.03,$0.00,$0.00,$0.00,$0.00
Saddiq Bey,1252677.1774966668,"$2,959,080.00","$4,556,983.00",$0.06,$0.00,$0.00,$0.00
Malaki Branham,999580.0254816666,"$2,925,600.00","$3,071,880.00",$0.03,$0.05,$0.07,$0.00
Joe Wieskamp,806192.8333333334,"$2,909,261.00","$1,927,896.00",$0.00,$0.00,$0.00,$0.00
Kai Jones,992820.0189766666,"$2,909,040.00","$3,047,880.00",$0.05,$0.07,$0.00,$0.00
Blake Griffin,484308.5,"$2,905,851.00",$0.00,$0.00,$0.00,$0.00,$0.00
Robin Lopez,484308.5,"$2,905,851.00",$0.00,$0.00,$0.00,$0.00,$0.00
Markieff Morris,484308.5,"$2,905,851.00",$0.00,$0.00,$0.00,$0.00,$0.00
Andre Iguodala,484308.5,"$2,905,851.00",$0.00,$0.00,$0.00,$0.00,$0.00
Serge Ibaka,484308.5,"$2,905,851.00",$0.00,$0.00,$0.00,$0.00,$0.00
Udonis Haslem,484308.5,"$2,905,851.00",$0.00,$0.00,$0.00,$0.00,$0.00
Wesley Matthews,484308.5,"$2,905,851.00",$0.00,$0.00,$0.00,$0.00,$0.00
Austin Rivers,484308.5,"$2,905,851.00",$0.00,$0.00,$0.00,$0.00,$0.00
Bismack Biyombo,484308.5,"$2,905,851.00",$0.00,$0.00,$0.00,$0.00,$0.00
Taj Gibson,484308.5,"$2,905,851.00",$0.00,$0.00,$0.00,$0.00,$0.00
RJ Hampton,804356.5,"$2,898,243.00","$1,927,896.00",$0.00,$0.00,$0.00,$0.00
Andrew Nicholson,948143.0,"$2,844,429.00","$2,844,429.00",$0.00,$0.00,$0.00,$0.00
Precious Achiuwa,1203281.0104583332,"$2,840,160.00","$4,379,526.00",$0.06,$0.00,$0.00,$0.00
Christian Braun,959620.0251699999,"$2,808,600.00","$2,949,120.00",$0.03,$0.05,$0.07,$0.00
Jalen Johnson,953000.01829,"$2,792,640.00","$2,925,360.00",$0.05,$0.06,$0.00,$0.00
Tyrese Maxey,1178466.6770983334,"$2,726,880.00","$4,343,920.00",$0.06,$0.00,$0.00,$0.00
Bruno Fernando,1811594.0,"$2,717,391.00","$2,581,522.00","$2,717,391.00","$2,853,260.00",$0.00,$0.00
Walker Kessler,921260.0248449999,"$2,696,400.00","$2,831,160.00",$0.03,$0.05,$0.07,$0.00
Keon Johnson,914960.0182016665,"$2,681,040.00","$2,808,720.00",$0.04,$0.06,$0.00,$0.00
Charles Bassey,1712457.0,"$2,674,742.00","$2,600,000.00","$2,500,000.00","$2,500,000.00",$0.00,$0.00
Dennis Schroeder,440280.3333333333,"$2,641,682.00",$0.00,$0.00,$0.00,$0.00,$0.00
TJ Warren,438099.5,"$2,628,597.00",$0.00,$0.00,$0.00,$0.00,$0.00
Matthew Dellavedova,438099.5,"$2,628,597.00",$0.00,$0.00,$0.00,$0.00,$0.00
Trey Lyles,437500.0,"$2,625,000.00",$0.00,$0.00,$0.00,$0.00,$0.00
Zeke Nnaji,1154013.5103916668,"$2,617,800.00","$4,306,281.00",$0.06,$0.00,$0.00,$0.00
David Roddy,884480.0245133335,"$2,588,640.00","$2,718,240.00",$0.03,$0.05,$0.07,$0.00
Isaiah Jackson,878340.0180950001,"$2,573,760.00","$2,696,280.00",$0.04,$0.06,$0.00,$0.00
MarJon Beauchamp,849100.0241733333,"$2,485,200.00","$2,609,400.00",$0.03,$0.05,$0.07,$0.00
Usman Garuba,843260.0179716666,"$2,471,160.00","$2,588,400.00",$0.04,$0.06,$0.00,$0.00
Montrezl Harrell,870586.0,"$2,463,490.00","$2,760,026.00",$0.00,$0.00,$0.00,$0.00
Raul Neto,410581.6666666667,"$2,463,490.00",$0.00,$0.00,$0.00,$0.00,$0.00
Frank Kaminsky,410581.6666666667,"$2,463,490.00",$0.00,$0.00,$0.00,$0.00,$0.00
Willy Hernangomez,407263.50426500005,"$2,443,581.00",$0.03,$0.00,$0.00,$0.00,$0.00
Theo Maledon,401481.8362683333,"$2,408,891.00",$0.02,$0.00,$0.00,$0.00,$0.00
Blake Wesley,815020.0238199999,"$2,385,480.00","$2,504,640.00",$0.03,$0.05,$0.07,$0.00
Josh Christopher,809560.0178333333,"$2,372,160.00","$2,485,200.00",$0.04,$0.06,$0.00,$0.00
Isaiah Roby,732877.6666666666,"$2,330,681.00","$2,066,585.00",$0.00,$0.00,$0.00,$0.00
Lindy Waters III,386146.00321166666,"$2,316,876.00",$0.02,$0.00,$0.00,$0.00,$0.00
Immanuel Quickley,1081298.0102133334,"$2,316,240.00","$4,171,548.00",$0.06,$0.00,$0.00,$0.00
Wendell Moore,788040.0231033334,"$2,306,520.00","$2,421,720.00",$0.03,$0.05,$0.07,$0.00
John Konchar,3865833.3333333335,"$2,300,000.00","$2,400,000.00","$6,165,000.00","$6,165,000.00","$6,165,000.00",$0.00
Damian Jones,814175.0,"$2,298,385.00","$2,586,665.00",$0.00,$0.00,$0.00,$0.00
Rodney McGruder,383064.1666666667,"$2,298,385.00",$0.00,$0.00,$0.00,$0.00,$0.00
Bryn Forbes,383064.1666666667,"$2,298,385.00",$0.00,$0.00,$0.00,$0.00,$0.00
Juan Hernangomez,383064.1666666667,"$2,298,385.00",$0.00,$0.00,$0.00,$0.00,$0.00
Quentin Grimes,777120.0176783334,"$2,277,000.00","$2,385,720.00",$0.04,$0.06,$0.00,$0.00
Saben Lee,377773.3362683333,"$2,266,640.00",$0.02,$0.00,$0.00,$0.00,$0.00
Andrew Nembhard,1430527.6666666667,"$2,244,111.00","$2,131,905.00","$2,019,699.00","$2,187,451.00",$0.00,$0.00
Nikola Jovic,765320.0225016667,"$2,239,920.00","$2,352,000.00",$0.02,$0.04,$0.07,$0.00
Payton Pritchard,373200.01666,"$2,239,200.00",$0.04,$0.06,$0.00,$0.00,$0.00
Vlatko Cancar,744786.3372433333,"$2,234,359.00","$2,234,359.00",$0.02,$0.00,$0.00,$0.00
Patrick Baldwin,760620.0224233335,"$2,226,000.00","$2,337,720.00",$0.02,$0.04,$0.07,$0.00
TyTy Washington,755080.022335,"$2,210,040.00","$2,320,440.00",$0.02,$0.04,$0.07,$0.00
Bones Hyland,751320.0171583333,"$2,201,520.00","$2,306,400.00",$0.04,$0.06,$0.00,$0.00
Bol Bol,733333.3333333334,"$2,200,000.00","$2,200,000.00",$0.00,$0.00,$0.00,$0.00
Peyton Watson,749580.0221716667,"$2,193,960.00","$2,303,520.00",$0.02,$0.04,$0.07,$0.00
Marquese Chriss,365653.3333333333,"$2,193,920.00",$0.00,$0.00,$0.00,$0.00,$0.00
Udoka Azubuike,362480.01623500005,"$2,174,880.00",$0.04,$0.06,$0.00,$0.00,$0.00
Jaden McDaniels,1010473.176355,"$2,161,440.00","$3,901,399.00",$0.06,$0.00,$0.00,$0.00
Jordan McLaughlin,746666.6666666666,"$2,160,000.00","$2,320,000.00",$0.00,$0.00,$0.00,$0.00
Malachi Flynn,1003124.0096816667,"$2,145,720.00","$3,873,024.00",$0.06,$0.00,$0.00,$0.00
Cam Thomas,729720.0167233334,"$2,138,160.00","$2,240,160.00",$0.04,$0.06,$0.00,$0.00
Luke Kornet,757763.6666666666,"$2,133,278.00","$2,413,304.00",$0.00,$0.00,$0.00,$0.00
Dennis Smith,355546.3333333333,"$2,133,278.00",$0.00,$0.00,$0.00,$0.00,$0.00
Damion Lee,355546.3333333333,"$2,133,278.00",$0.00,$0.00,$0.00,$0.00,$0.00
Juan Toscano-Anderson,355546.3333333333,"$2,133,278.00",$0.00,$0.00,$0.00,$0.00,$0.00
Desmond Bane,995887.1762783333,"$2,130,240.00","$3,845,083.00",$0.06,$0.00,$0.00,$0.00
Jaden Springer,725240.016675,"$2,125,200.00","$2,226,240.00",$0.04,$0.06,$0.00,$0.00
Day'Ron Sharpe,719920.0166199999,"$2,109,480.00","$2,210,040.00",$0.04,$0.06,$0.00,$0.00
Santiago Aldama,714720.0164999999,"$2,094,120.00","$2,194,200.00",$0.04,$0.06,$0.00,$0.00
Tony Bradley,339386.3333333333,"$2,036,318.00",$0.00,$0.00,$0.00,$0.00,$0.00
Frank Ntilikina,339386.3333333333,"$2,036,318.00",$0.00,$0.00,$0.00,$0.00,$0.00
Kenrich Williams,3667833.345271667,"$2,000,000.00","$6,175,000.00","$6,669,000.00","$7,163,000.00",$0.07,$0.00
Garrison Mathews,1038375.5,"$2,000,000.00","$2,000,000.00","$2,230,253.00",$0.00,$0.00,$0.00
Jaylin Williams,1003283.1703116667,"$2,000,000.00","$2,000,000.00","$2,019,699.00",$0.02,$0.00,$0.00
Caleb Houstan,1003283.1703116667,"$2,000,000.00","$2,000,000.00","$2,019,699.00",$0.02,$0.00,$0.00
Jeremiah Robinson-Earl,650000.0033133334,"$2,000,000.00","$1,900,000.00",$0.02,$0.00,$0.00,$0.00
Shake Milton,332953.0,"$1,997,718.00",$0.00,$0.00,$0.00,$0.00,$0.00
Edmond Sumner,701353.0,"$1,968,175.00","$2,239,943.00",$0.00,$0.00,$0.00,$0.00
Aaron Holiday,328029.1666666667,"$1,968,175.00",$0.00,$0.00,$0.00,$0.00,$0.00
Yuta Watanabe,328029.1666666667,"$1,968,175.00",$0.00,$0.00,$0.00,$0.00,$0.00
Theo Pinson,328029.1666666667,"$1,968,175.00",$0.00,$0.00,$0.00,$0.00,$0.00
Thomas Bryant,328029.1666666667,"$1,968,175.00",$0.00,$0.00,$0.00,$0.00,$0.00
Troy Brown,328029.1666666667,"$1,968,175.00",$0.00,$0.00,$0.00,$0.00,$0.00
Josh Okogie,328029.1666666667,"$1,968,175.00",$0.00,$0.00,$0.00,$0.00,$0.00
Drew Eubanks,328029.1666666667,"$1,968,175.00",$0.00,$0.00,$0.00,$0.00,$0.00
Daniel Gafford,7018860.166666667,"$1,930,681.00","$12,402,000.00","$13,394,160.00","$14,386,320.00",$0.00,$0.00
Terance Mann,3988446.8333333335,"$1,930,681.00","$10,576,923.00","$11,423,077.00",$0.00,$0.00,$0.00
Dean Wade,3405113.5,"$1,930,681.00","$5,709,877.00","$6,166,667.00","$6,623,456.00",$0.00,$0.00
Jaylen Nowell,321780.1666666667,"$1,930,681.00",$0.00,$0.00,$0.00,$0.00,$0.00
Naz Reid,321780.1666666667,"$1,930,681.00",$0.00,$0.00,$0.00,$0.00,$0.00
Jalen McDaniels,321780.1666666667,"$1,930,681.00",$0.00,$0.00,$0.00,$0.00,$0.00
Chimezie Metu,318476.6666666667,"$1,910,860.00",$0.00,$0.00,$0.00,$0.00,$0.00
Davon Reed,317022.1666666667,"$1,902,133.00",$0.00,$0.00,$0.00,$0.00,$0.00
KZ Okpala,317022.1666666667,"$1,902,133.00",$0.00,$0.00,$0.00,$0.00,$0.00
Killian Tillie,316937.5,"$1,901,625.00",$0.00,$0.00,$0.00,$0.00,$0.00
Vernon Carey,313770.1666666667,"$1,882,621.00",$0.00,$0.00,$0.00,$0.00,$0.00
Wenyen Gabriel,313120.0,"$1,878,720.00",$0.00,$0.00,$0.00,$0.00,$0.00
Thanasis Antetokounmpo,313120.0,"$1,878,720.00",$0.00,$0.00,$0.00,$0.00,$0.00
Moritz Wagner,313120.0,"$1,878,720.00",$0.00,$0.00,$0.00,$0.00,$0.00
Keita Bates-Diop,313120.0,"$1,878,720.00",$0.00,$0.00,$0.00,$0.00,$0.00
Oshae Brissett,307789.6666666667,"$1,846,738.00",$0.00,$0.00,$0.00,$0.00,$0.00
Isaiah Joe,638888.0036066667,"$1,836,090.00","$1,997,238.00",$0.02,$0.00,$0.00,$0.00
Anthony Gill,638888.0,"$1,836,090.00","$1,997,238.00",$0.00,$0.00,$0.00,$0.00
Nathan Knight,306015.0033283333,"$1,836,090.00",$0.02,$0.00,$0.00,$0.00,$0.00
Justin Jackson,306015.0,"$1,836,090.00",$0.00,$0.00,$0.00,$0.00,$0.00
Ryan Arcidiacono,306015.0,"$1,836,090.00",$0.00,$0.00,$0.00,$0.00,$0.00
Javonte Green,302612.8333333333,"$1,815,677.00",$0.00,$0.00,$0.00,$0.00,$0.00
Max Strus,302612.8333333333,"$1,815,677.00",$0.00,$0.00,$0.00,$0.00,$0.00
Gabe Vincent,302612.8333333333,"$1,815,677.00",$0.00,$0.00,$0.00,$0.00,$0.00
Herb Jones,297500.00306,"$1,785,000.00",$0.02,$0.00,$0.00,$0.00,$0.00
KJ Martin,618883.6666666666,"$1,782,621.00","$1,930,681.00",$0.00,$0.00,$0.00,$0.00
Nick Richards,1963770.175,"$1,782,621.00",$0.05,"$5,000,000.00","$5,000,000.00",$0.00,$0.00
Lamar Stevens,297103.5032166667,"$1,782,621.00",$0.02,$0.00,$0.00,$0.00,$0.00
Tyrell Terry,297103.5,"$1,782,621.00",$0.00,$0.00,$0.00,$0.00,$0.00
Xavier Tillman,297103.5032166667,"$1,782,621.00",$0.02,$0.00,$0.00,$0.00,$0.00
Naji Marshall,297103.5032166667,"$1,782,621.00",$0.02,$0.00,$0.00,$0.00,$0.00
Paul Reed,297103.5,"$1,782,621.00",$0.00,$0.00,$0.00,$0.00,$0.00
Tre Jones,297103.5,"$1,782,621.00",$0.00,$0.00,$0.00,$0.00,$0.00
Haywood Highsmith,292106.33650333335,"$1,752,638.00",$0.02,$0.00,$0.00,$0.00,$0.00
Omer Yurtseven,292106.3333333333,"$1,752,638.00",$0.00,$0.00,$0.00,$0.00,$0.00
Leandro Bolmaro,284883.3333333333,"$1,709,300.00",$0.00,$0.00,$0.00,$0.00,$0.00
Terry Taylor,283983.6666666667,"$1,703,902.00",$0.00,$0.00,$0.00,$0.00,$0.00
Jared Butler,279109.1666666667,"$1,674,655.00",$0.00,$0.00,$0.00,$0.00,$0.00
Jericho Sims,594623.0034866667,"$1,639,842.00","$1,927,896.00",$0.02,$0.00,$0.00,$0.00
Sam Hauser,594310.33682,"$1,637,966.00","$1,927,896.00",$0.02,$0.00,$0.00,$0.00
Kessler Edwards,272994.336545,"$1,637,966.00",$0.02,$0.00,$0.00,$0.00,$0.00
Isaiah Todd,568516.0033133334,"$1,575,000.00","$1,836,096.00",$0.02,$0.00,$0.00,$0.00
Vit Krejci,898035.3333333334,"$1,563,518.00","$1,836,096.00","$1,988,598.00",$0.00,$0.00,$0.00
JT Thor,566602.3366466666,"$1,563,518.00","$1,836,096.00",$0.02,$0.00,$0.00,$0.00
Marko Simonovic,566602.3333333334,"$1,563,518.00","$1,836,096.00",$0.00,$0.00,$0.00,$0.00
BJ Boston,566602.3333333334,"$1,563,518.00","$1,836,096.00",$0.00,$0.00,$0.00,$0.00
Jason Preston,566602.3333333334,"$1,563,518.00","$1,836,096.00",$0.00,$0.00,$0.00,$0.00
Aaron Wiggins,566602.3366466666,"$1,563,518.00","$1,836,096.00",$0.02,$0.00,$0.00,$0.00
Trendon Watford,566602.3366466666,"$1,563,518.00","$1,836,096.00",$0.02,$0.00,$0.00,$0.00
Ayo Dosunmu,260586.33333333334,"$1,563,518.00",$0.00,$0.00,$0.00,$0.00,$0.00
Isaiah Livers,260586.33639333336,"$1,563,518.00",$0.02,$0.00,$0.00,$0.00,$0.00
Daishen Nix,260586.33970666668,"$1,563,518.00",$0.02,$0.02,$0.00,$0.00,$0.00
Austin Reaves,260586.33333333334,"$1,563,518.00",$0.00,$0.00,$0.00,$0.00,$0.00
Jose Alvarado,260586.33970666668,"$1,563,518.00",$0.02,$0.02,$0.00,$0.00,$0.00
Miles McBride,260586.33639333336,"$1,563,518.00",$0.02,$0.00,$0.00,$0.00,$0.00
Jock Landale,260586.33333333334,"$1,563,518.00",$0.00,$0.00,$0.00,$0.00,$0.00
Greg Brown,260586.33639333336,"$1,563,518.00",$0.02,$0.00,$0.00,$0.00,$0.00
Dalano Banton,260586.33333333334,"$1,563,518.00",$0.00,$0.00,$0.00,$0.00,$0.00
Kenneth Lofton,874254.8369783334,"$1,505,966.00","$1,719,864.00","$2,019,699.00",$0.02,$0.00,$0.00
Christian Koloko,873260.5,"$1,500,000.00","$1,719,864.00","$2,019,699.00",$0.00,$0.00,$0.00
Bryce McGowens,866769.6703116667,"$1,461,055.00","$1,719,864.00","$2,019,699.00",$0.02,$0.00,$0.00
Eric Bledsoe,650000.0,"$1,300,000.00","$1,300,000.00","$1,300,000.00",$0.00,$0.00,$0.00
Jordan Goodwin,534683.6701533333,"$1,280,206.00","$1,927,896.00",$0.02,$0.00,$0.00,$0.00
Kennedy Chandler,823260.503645,"$1,200,000.00","$1,719,864.00","$2,019,699.00",$0.02,$0.00,$0.00
Noah Vonleh,193492.5,"$1,160,955.00",$0.00,$0.00,$0.00,$0.00,$0.00
Sandro Mamukelashvili,186018.66666666666,"$1,116,112.00",$0.00,$0.00,$0.00,$0.00,$0.00
Sam Merrill,877958.8333333334,"$1,105,522.00","$1,997,238.00","$2,164,993.00",$0.00,$0.00,$0.00
Zhaire Smith,178033.33333333334,"$1,068,200.00",$0.00,$0.00,$0.00,$0.00,$0.00
Tyrese Martin,456274.1666666667,"$1,017,781.00","$1,719,864.00",$0.00,$0.00,$0.00,$0.00
Jaden Hardy,792890.6666666666,"$1,017,781.00","$1,719,864.00","$2,019,699.00",$0.00,$0.00,$0.00
Ryan Rollins,792890.6666666666,"$1,017,781.00","$1,719,864.00","$2,019,699.00",$0.00,$0.00,$0.00
Max Christie,456274.1666666667,"$1,017,781.00","$1,719,864.00",$0.00,$0.00,$0.00,$0.00
Josh Minott,1157507.1666666667,"$1,017,781.00","$1,719,864.00","$2,019,699.00","$2,187,699.00",$0.00,$0.00
Jabari Walker,792890.6666666666,"$1,017,781.00","$1,719,864.00","$2,019,699.00",$0.00,$0.00,$0.00
Eugene Omoruyi,168853.16987833334,"$1,013,119.00",$0.02,$0.00,$0.00,$0.00,$0.00
Kris Dunn,597747.5,"$1,000,001.00","$2,586,484.00",$0.00,$0.00,$0.00,$0.00
Kyle Singler,166533.33333333334,"$999,200.00",$0.00,$0.00,$0.00,$0.00,$0.00
Ishmail Wainright,163342.836545,"$980,057.00",$0.02,$0.00,$0.00,$0.00,$0.00
Admiral Schofield,146323.33666166666,"$877,940.00",$0.02,$0.00,$0.00,$0.00,$0.00
Justin Champagnie,463522.8333333333,"$853,241.00","$1,927,896.00",$0.00,$0.00,$0.00,$0.00
Trevelin Queen,139815.16666666666,"$838,891.00",$0.00,$0.00,$0.00,$0.00,$0.00
Moses Brown,137340.16666666666,"$824,041.00",$0.00,$0.00,$0.00,$0.00,$0.00
Matt Ryan,134349.502935,"$806,097.00",$0.02,$0.00,$0.00,$0.00,$0.00
DaQuan Jeffries,477664.6666666667,"$799,403.00","$2,066,585.00",$0.00,$0.00,$0.00,$0.00
PJ Dozier,532993.0,"$784,654.00","$2,413,304.00",$0.00,$0.00,$0.00,$0.00
Cody Zeller,123987.0,"$743,922.00",$0.00,$0.00,$0.00,$0.00,$0.00
Meyers Leonard,118926.33333333333,"$713,558.00",$0.00,$0.00,$0.00,$0.00,$0.00
Nik Stauskas,351155.5,"$702,311.00","$702,311.00","$702,311.00",$0.00,$0.00,$0.00
Anthony Lamb,115813.002935,"$694,878.00",$0.02,$0.00,$0.00,$0.00,$0.00
Michael Carter-Williams,108804.83841833333,"$652,829.00",$0.03,$0.00,$0.00,$0.00,$0.00
DJ Augustin,105656.33333333333,"$633,938.00",$0.00,$0.00,$0.00,$0.00,$0.00
Duane Washington Jr,104800.33333333333,"$628,802.00",$0.00,$0.00,$0.00,$0.00,$0.00
Carlik Jones,772067.0,"$612,162.00","$1,927,896.00","$2,092,344.00",$0.00,$0.00,$0.00
Juwan Morgan,288115.0,"$576,230.00","$576,230.00","$576,230.00",$0.00,$0.00,$0.00
Malik Fitts,277608.5,"$555,217.00","$555,217.00","$555,217.00",$0.00,$0.00,$0.00
Luka Samanic,434150.3333333333,"$538,317.00","$2,066,585.00",$0.00,$0.00,$0.00,$0.00
David Duke,88547.16960166667,"$531,283.00",$0.02,$0.00,$0.00,$0.00,$0.00
Trevor Keels,86764.83333333333,"$520,589.00",$0.00,$0.00,$0.00,$0.00,$0.00
Dereon Seabron,176527.5,"$511,816.00","$547,349.00",$0.00,$0.00,$0.00,$0.00
Cole Swider,176040.0,"$508,891.00","$547,349.00",$0.00,$0.00,$0.00,$0.00
Vince Williams Jr,176040.0,"$508,891.00","$547,349.00",$0.00,$0.00,$0.00,$0.00
EJ Liddell,176040.0,"$508,891.00","$547,349.00",$0.00,$0.00,$0.00,$0.00
Kevon Harris,176040.0,"$508,891.00","$547,349.00",$0.00,$0.00,$0.00,$0.00
Micah Potter,176040.0,"$508,891.00","$547,349.00",$0.00,$0.00,$0.00,$0.00
Trent Forrest,84815.16960166667,"$508,891.00",$0.02,$0.00,$0.00,$0.00,$0.00
JD Davison,84815.16960166667,"$508,891.00",$0.02,$0.00,$0.00,$0.00,$0.00
Mfiondu Kabengele,84815.16960166667,"$508,891.00",$0.02,$0.00,$0.00,$0.00,$0.00
Malcolm Hill,84815.16666666667,"$508,891.00",$0.00,$0.00,$0.00,$0.00,$0.00
Mamadi Diakite,84815.16960166667,"$508,891.00",$0.02,$0.00,$0.00,$0.00,$0.00
Isaiah Mobley,84815.16960166667,"$508,891.00",$0.02,$0.00,$0.00,$0.00,$0.00
McKinley Wright,84815.16960166667,"$508,891.00",$0.02,$0.00,$0.00,$0.00,$0.00
Collin Gillespie,84815.16960166667,"$508,891.00",$0.02,$0.00,$0.00,$0.00,$0.00
Jack White,84815.16960166667,"$508,891.00",$0.02,$0.00,$0.00,$0.00,$0.00
Buddy Boeheim,84815.16960166667,"$508,891.00",$0.02,$0.00,$0.00,$0.00,$0.00
Darius Days,84815.16960166667,"$508,891.00",$0.02,$0.00,$0.00,$0.00,$0.00
Trevor Hudgins,84815.16960166667,"$508,891.00",$0.02,$0.00,$0.00,$0.00,$0.00
Kendall Brown,84815.16960166667,"$508,891.00",$0.02,$0.00,$0.00,$0.00,$0.00
Moussa Diabate,84815.16960166667,"$508,891.00",$0.02,$0.00,$0.00,$0.00,$0.00
Scottie Pippen Jr,84815.16960166667,"$508,891.00",$0.02,$0.00,$0.00,$0.00,$0.00
Jamal Cain,84815.16960166667,"$508,891.00",$0.02,$0.00,$0.00,$0.00,$0.00
AJ Green,84815.16960166667,"$508,891.00",$0.02,$0.00,$0.00,$0.00,$0.00
Luka Garza,84815.16960166667,"$508,891.00",$0.02,$0.00,$0.00,$0.00,$0.00
Keon Ellis,84815.16960166667,"$508,891.00",$0.02,$0.00,$0.00,$0.00,$0.00
Neemias Queta,84815.16960166667,"$508,891.00",$0.02,$0.00,$0.00,$0.00,$0.00
Dominick Barlow,84815.16960166667,"$508,891.00",$0.02,$0.00,$0.00,$0.00,$0.00
Julian Champagnie,84815.16960166667,"$508,891.00",$0.02,$0.00,$0.00,$0.00,$0.00
Jeff Dowtin,84815.16960166667,"$508,891.00",$0.02,$0.00,$0.00,$0.00,$0.00
Ron Harper Jr,84815.16960166667,"$508,891.00",$0.02,$0.00,$0.00,$0.00,$0.00
Johnny Juzang,84815.16960166667,"$508,891.00",$0.02,$0.00,$0.00,$0.00,$0.00
John Butler,83840.16960166667,"$503,041.00",$0.02,$0.00,$0.00,$0.00,$0.00
Chima Moneke,83333.33333333333,"$500,000.00",$0.00,$0.00,$0.00,$0.00,$0.00
Facundo Campazzo,77383.16666666667,"$464,299.00",$0.00,$0.00,$0.00,$0.00,$0.00
Orlando Robinson,64342.502935,"$386,055.00",$0.02,$0.00,$0.00,$0.00,$0.00
Dru Smith,62392.833333333336,"$374,357.00",$0.00,$0.00,$0.00,$0.00,$0.00
AJ Lawson,61905.33626833333,"$371,432.00",$0.02,$0.00,$0.00,$0.00,$0.00
Jared Rhoden,51181.502935,"$307,089.00",$0.02,$0.00,$0.00,$0.00,$0.00
Louis King,51181.502935,"$307,089.00",$0.02,$0.00,$0.00,$0.00,$0.00
Robert Woodard,50000.0,"$300,000.00",$0.00,$0.00,$0.00,$0.00,$0.00
Didi Louzada,268032.0,"$268,032.00","$268,032.00","$268,032.00","$268,032.00","$268,032.00","$268,032.00"
Jarrett Culver,43382.5,"$260,295.00",$0.00,$0.00,$0.00,$0.00,$0.00
Alondes Williams,42407.666666666664,"$254,446.00",$0.00,$0.00,$0.00,$0.00,$0.00
DJ Wilson,41666.666666666664,"$250,000.00",$0.00,$0.00,$0.00,$0.00,$0.00
Donovan Williams,39970.33626833333,"$239,822.00",$0.02,$0.00,$0.00,$0.00,$0.00
Quenton Jackson,127829.83333333333,"$219,630.00","$547,349.00",$0.00,$0.00,$0.00,$0.00
Chris Silva,35174.166666666664,"$211,045.00",$0.00,$0.00,$0.00,$0.00,$0.00
Tyler Dorsey,33633.666666666664,"$201,802.00",$0.00,$0.00,$0.00,$0.00,$0.00
Braxton Key,33633.666666666664,"$201,802.00",$0.00,$0.00,$0.00,$0.00,$0.00
Jordan Hall,32171.166666666668,"$193,027.00",$0.00,$0.00,$0.00,$0.00,$0.00
Alize Johnson,32048.833333333332,"$192,293.00",$0.00,$0.00,$0.00,$0.00,$0.00
Kostas Antetokounmpo,28759.166666666668,"$172,555.00",$0.00,$0.00,$0.00,$0.00,$0.00
Devon Dotson,28271.666666666668,"$169,630.00",$0.00,$0.00,$0.00,$0.00,$0.00
Mac McClung,26809.336268333336,"$160,856.00",$0.02,$0.00,$0.00,$0.00,$0.00
Willie Cauley-Stein,25956.333333333332,"$155,738.00",$0.00,$0.00,$0.00,$0.00,$0.00
Nate Darling,25347.0,"$152,082.00",$0.00,$0.00,$0.00,$0.00,$0.00
Xavier Cooks,646657.8369783333,"$140,384.00","$1,719,864.00","$2,019,699.00",$0.02,$0.00,$0.00
Keaton Wallace,23397.333333333332,"$140,384.00",$0.00,$0.00,$0.00,$0.00,$0.00
Shaquille Harrison,424694.3333333333,"$134,862.00","$2,413,304.00",$0.00,$0.00,$0.00,$0.00
Feron Hunt,21935.0,"$131,610.00",$0.00,$0.00,$0.00,$0.00,$0.00
Lester Quinones,21567.5,"$129,405.00",$0.00,$0.00,$0.00,$0.00,$0.00
Troy Williams,20456.833333333332,"$122,741.00",$0.00,$0.00,$0.00,$0.00,$0.00
Xavier Moon,19497.666666666668,"$116,986.00",$0.00,$0.00,$0.00,$0.00,$0.00
Jamaree Bouyea,19497.666666666668,"$116,986.00",$0.00,$0.00,$0.00,$0.00,$0.00
Jay Huff,19497.666666666668,"$116,986.00",$0.00,$0.00,$0.00,$0.00,$0.00
Skylar Mays,19429.0,"$116,574.00",$0.00,$0.00,$0.00,$0.00,$0.00
Frank Jackson,18852.333333333332,"$113,114.00",$0.00,$0.00,$0.00,$0.00,$0.00
Michael Foster,17714.666666666668,"$106,288.00",$0.00,$0.00,$0.00,$0.00,$0.00
Deonte Burton,17587.0,"$105,522.00",$0.00,$0.00,$0.00,$0.00,$0.00
Jarrell Brantley,17587.0,"$105,522.00",$0.00,$0.00,$0.00,$0.00,$0.00
Xavier Sneed,108376.5,"$102,910.00","$547,349.00",$0.00,$0.00,$0.00,$0.00
Justin Lewis,17060.5,"$102,363.00",$0.00,$0.00,$0.00,$0.00,$0.00
Lindell Wigginton,107797.83333333333,"$99,438.00","$547,349.00",$0.00,$0.00,$0.00,$0.00
Jordan Schakel,16085.666666666666,"$96,514.00",$0.00,$0.00,$0.00,$0.00,$0.00
Demetrius Jackson,30952.333333333332,"$92,857.00","$92,857.00",$0.00,$0.00,$0.00,$0.00
Olivier Sarr,15110.833333333334,"$90,665.00",$0.00,$0.00,$0.00,$0.00,$0.00
Stanley Umude,9748.833333333334,"$58,493.00",$0.00,$0.00,$0.00,$0.00,$0.00
Jeenathan Williams,295418.0,"$52,644.00","$1,719,864.00",$0.00,$0.00,$0.00,$0.00
DJ Steward,8333.333333333334,"$50,000.00",$0.00,$0.00,$0.00,$0.00,$0.00
Armoni Brooks,8333.333333333334,"$50,000.00",$0.00,$0.00,$0.00,$0.00,$0.00
Jay Scrubb,99511.33333333333,"$49,719.00","$547,349.00",$0.00,$0.00,$0.00,$0.00
Justin Minaya,5849.333333333333,"$35,096.00",$0.00,$0.00,$0.00,$0.00,$0.00
Kobi Simmons,349896.6666666667,"$32,795.00","$2,066,585.00",$0.00,$0.00,$0.00,$0.00
Gabe York,5361.833333333333,"$32,171.00",$0.00,$0.00,$0.00,$0.00,$0.00
Ibou Badji,3037.6696016666665,"$18,226.00",$0.02,$0.00,$0.00,$0.00,$0.00
Tristan Thompson,2783.3333333333335,"$16,700.00",$0.00,$0.00,$0.00,$0.00,$0.00
RaiQuan Gray,92199.66666666667,"$5,849.00","$547,349.00",$0.00,$0.00,$0.00,$0.00
Jacob Gilyard,92199.66666666667,"$5,849.00","$547,349.00",$0.00,$0.00,$0.00,$0.00
